name,imgurl
_shimizu,http://a0.twimg.com/profile_images/604833171/twitter_bigger_normal.jpg
9618saki,http://a0.twimg.com/profile_images/3225052232/716f3e9a7ec301ad2675de9d74df59b0_normal.jpeg
a.kiuchi,http://atnd.org/images/icon/default_latent.png?1357789101
atsushi_kiuchi,http://a0.twimg.com/profile_images/1145877782/_____-1_normal.jpg
becolomochi,http://a1.twimg.com/profile_images/1653113903/icon5423784896620889263IMG_1211_normal.JPG
caz0404,http://a0.twimg.com/profile_images/3011357559/882cdbaf2b75ee5961aeb73b259dbd1c_normal.jpeg
clicktx,http://a0.twimg.com/profile_images/1244003200/icon_normal.png
craim,http://a0.twimg.com/profile_images/1453202619/5914396975_59f587310e_b_normal.jpg
edel452,http://a0.twimg.com/profile_images/2402003252/o1nf183ewuhnvwwo0e7r_normal.png
fabo,http://atnd.org/images/icon/default_latent.png?1357789101
gunma-people,http://atnd.org/images/icon/default_latent.png?1357789101
hatori_,http://a0.twimg.com/profile_images/1164665467/____normal.jpeg
herl_SaGa,http://a0.twimg.com/profile_images/2251605117/20120522_icon_normal.jpg
ivoryworks,http://a0.twimg.com/profile_images/1285048756/profile_normal.png
jun_v18,http://a3.twimg.com/profile_images/1171469763/twitter_bigger_normal.jpg
jxi,http://atnd.org/images/icon/default_latent.png?1357789101
kakisiti,http://a0.twimg.com/profile_images/1200686297/1_2_normal.gif
kanayannet,http://a0.twimg.com/profile_images/1248941645/41470_100001720023272_1669_n_normal.jpg
komiy,http://a0.twimg.com/profile_images/3228532816/df877ecd468ac1d3f8e0f0c8d097a99c_normal.png
korogaru,http://a0.twimg.com/profile_images/3378801273/523ba454ce0384ad389b7c1743cdefee_normal.jpeg
kyaro_os,http://a0.twimg.com/profile_images/1838872983/image_normal.jpg
laiz,http://a3.twimg.com/profile_images/1770224638/laiz_hut_normal.jpg
m92o,http://a0.twimg.com/profile_images/1313190013/new_m92o-96_normal.jpg
marusk93,http://a0.twimg.com/profile_images/1476683260/images_normal.jpg
min0237,http://a0.twimg.com/profile_images/2964692774/fde3eb2c7dad8dfd027f3fd8651c9dbd_normal.png
MIN2185,http://atnd.org/images/icon/default_latent.png?1357789101
minoshiro,http://atnd.org/images/icon/default_latent.png?1357789101
miyuch,http://a0.twimg.com/profile_images/2058430179/miyuglow_normal.jpg
mnmn7,http://a3.twimg.com/profile_images/574417816/L0616070_032_normal.jpg
nabe_,http://a0.twimg.com/profile_images/1124339503/adiary-100915_normal.jpg
nabe2,http://atnd.org/images/icon/default_latent.png?1357789101
ninjahattorikun,http://atnd.org/images/icon/default_latent.png?1357789101
Nyaokoo,http://a0.twimg.com/profile_images/2476523572/Nyaokoo_normal.jpg
pinktx,http://a0.twimg.com/profile_images/1244002638/icon_normal.png
ryoe,http://atnd.org/images/icon/default_latent.png?1357789101
sanemat,http://a0.twimg.com/profile_images/2959790327/f9dc2c419824b3affef303c61285a857_normal.jpeg
solidunit4096,http://a0.twimg.com/profile_images/2522917824/q1s7owb6m69lm64wbygk_normal.jpeg
TISSUE,http://a0.twimg.com/profile_images/1877093241/3fd26a4af8f1d7965525068155d265c3-0_normal.jpg
toshi6,http://atnd.org/images/icon/default_latent.png?1357789101
track8,http://atnd.org/images/icon/default_latent.png?1357789101
troisvierges,http://atnd.org/images/icon/default_latent.png?1357789101
tsurumau,http://a0.twimg.com/profile_images/1180023520/63d77dd6-95cd-4fa6-a936-1ac221cace3d_normal.png
uichi6,http://atnd.org/images/icon/default_latent.png?1357789101
vestige,http://a1.twimg.com/profile_images/1118663377/vestige_normal.jpg
y.nari,http://atnd.org/images/icon/default_latent.png?1357789101
yamifune,http://atnd.org/images/icon/default_latent.png?1357789101
yattan08,http://atnd.org/images/icon/default_latent.png?1357789101
yterajima,http://a0.twimg.com/profile_images/2581833978/nm2dthwy91wj1vu008ds_normal.jpeg
YuG_1224,http://a0.twimg.com/profile_images/3054097426/aba47673256ed6354e947dcfb0176498_normal.jpeg
yukiharutamura,http://a0.twimg.com/profile_images/2409723451/rn4p4cqjsbsk8bq04we8_normal.jpeg
yumenikki444,http://a0.twimg.com/profile_images/1295529887/297c1f7e3ec470ac70c118b354c0d875d9d9ba9f1390_normal.jpg
がんじろう,http://a0.twimg.com/profile_images/751594202/color3_normal.jpg
ススガ,http://a0.twimg.com/profile_images/1326020802/__________2011-04-26_16.48.12__normal.png
のぶやん,http://a0.twimg.com/profile_images/3048487271/5903820a379f4968720ba51d573448eb_normal.png
ぱろっと,http://a0.twimg.com/profile_images/1295648193/icon_normal.jpg
ゆーし,http://a0.twimg.com/profile_images/2412363367/profile_normal.png
ヨコヤン,http://a0.twimg.com/profile_images/2831041786/5a219969c65fd0677a5777177db2c632_normal.jpeg
岡安賢一,http://a1.twimg.com/profile_images/699313876/midorimachi2010_normal.gif
藤本壱,http://a0.twimg.com/profile_images/20974492/twitter_normal.gif
某じょし,http://atnd.org/images/icon/default_latent.png?1357789101