count,word
457,日本
253,orz
176,群馬
170,高崎
97,東京
64,アメリカ
63,Google
58,iPhone
55,中国
51,前橋
47,スマート
42,html
41,gunma
37,リアル
31,福島
31,ミク
31,iPad
29,Apple
28,米
27,笑
27,Google
26,Video
24,マイクロソフト
24,Twitter
23,ドコモ
22,モン
22,iPad
20,shimizu
20,mixi
20,Facebook
19,ソフトバンク
19,Video
18,米国
18,Twitter
18,Adobe
17,台湾
17,上野
17,Twitter
17,Photo
17,Android
16,nyahmens
16,Flash
16,Facebook
15,電通
15,自社
15,iPad
15,Facebook
14,秋葉原
14,YouTube
14,iPadjp
14,App
13,東日本
13,韓国
13,ガラパゴス
13,Video
13,Twitter
12,任天堂
12,日経
12,フジテレビ
12,ツイッター
12,ジョブズ
12,Google
12,Flash
11,英国
11,ヤフー
11,Twitter
11,Twitter
11,rkanbe
11,PC
11,fb
11,enchant
11,AR
10,津田
10,俊
10,糸井
10,佐々木
10,ツール
10,PHP
10,Mizo
10,jsdo
10,jQuery
10,HYBRID
10,followmeJP
10,Firefox
10,API
9,鳩山
9,東電
9,浩
9,Yahoo
9,Web
9,Twitter
9,TV
9,someee
9,Kindle
9,jQuery
9,HYBRID
9,HTML
9,Gmail
9,Flash
9,com
8,大分
8,大介
8,村上
8,充
8,伊勢崎
8,ブログ
8,ブラウザ
8,ニセ
8,アジア
8,Web
8,Twitter
8,SQL
8,iOS
8,IE
8,CSS
8,Amazon
7,日
7,田原
7,朝生
7,新宿
7,渋谷
7,自民党
7,佐藤
7,講談社
7,角川
7,英
7,フランス
7,ドイツ
7,ジャパン
7,ググ
7,キン
7,イギリス
7,アスキー
7,Wii
7,node
7,Node
7,NHK
7,Microsoft
7,link
7,IT
7,followmeJP
7,Ext
7,Evernote
7,Dropbox
7,BlackBerry
7,Ameba
6,名古屋
6,東北
6,太郎
6,森
6,守
6,山田
6,攻
6,健
6,桐生
6,宮崎
6,関東
6,伊藤
6,ルカ
6,リクルート
6,ユニ
6,ヤマダ
6,バレ
6,テレ
6,セブン
6,セカイカメラ
6,サイエンス
6,yongwho
6,Windows
6,Unity
6,Twitter
6,tsuda
6,Sencha
6,Publickey
6,OS
6,NHK
6,Meseta
6,IPA
6,iOS
6,InDesign
6,gaia
6,GAE
6,FB
6,Evernote
6,DS
6,docomo
6,Chrome
6,AS
5,隆
5,福岡
5,東京電力
5,朝日新聞
5,猪瀬
5,草津
5,総一朗
5,正義
5,正英
5,神戸
5,渋川
5,秋葉
5,秀峰
5,自衛隊
5,埼玉
5,佐久間
5,紀
5,夏彦
5,音
5,押井
5,一郎
5,リスト
5,リア
5,ゆき
5,ポチ
5,プレ
5,パ
5,ニッポン
5,ニコ
5,ダダ
5,ソニー
5,シンガポール
5,シャープ
5,クリス
5,オタ
5,アン
5,Windows
5,Web
5,Web
5,Video
5,Twitter
5,TPP
5,The
5,SNS
5,rkaiz
5,Python
5,PDF
5,OK
5,mu
5,moongift
5,mimumimu
5,Mac
5,jpg
5,JavaScript
5,IP
5,html
5,html
5,followmeJP
5,ffSu
5,favstar
5,EuroRyan
5,buzz
5,au
5,App
5,Adobe
4,毎日
4,仏
4,日テレ
4,東
4,長野
4,池袋
4,大阪
4,太田
4,千葉
4,仙台
4,石原
4,西尾
4,西村
4,上海
4,尚
4,小沢
4,小室
4,駿
4,産経
4,山本
4,山手
4,剛
4,巧
4,後藤
4,警視庁
4,金
4,京極
4,岩手
4,芥川賞
4,下北沢
4,下仁田
4,押尾
4,円城
4,茨城
4,愛知
4,レオ
4,ヤマダ電機
4,マリオ
4,マック
4,ブラジル
4,フジ
4,ハル
4,ハリウッド
4,ノルウェー
4,タイ
4,スティーブ
4,サンクス
4,キレ
4,オリコン
4,インド
4,アンダーソン
4,アリス
4,アプリ
4,アツ
4,アクティブ
4,XP
4,WebKit
4,WebGL
4,Web
4,UI
4,Twitter
4,Togetter
4,The
4,Tamper
4,SNS
4,SIM
4,SEO
4,Scratch
4,Ruby
4,P
4,ObokataTakayuki
4,NTT
4,Notepad
4,node
4,NHK
4,News
4,netstar
4,moTweets
4,MOTHER
4,MacBook
4,Mac
4,Linux
4,LIFE
4,LAN
4,LABI
4,kyougetsu
4,kucch
4,Komodo
4,KDDI
4,kanose
4,JavaScript
4,JASRAC
4,IT
4,iPod
4,Internet
4,htm
4,gunmaoff
4,followmeJP
4,ffcccb
4,Excel
4,eneloop
4,Dropbox
4,Dart
4,ch
4,CD
4,Buzz
4,B
3,歸國
3,良
3,悠
3,木根
3,茂木
3,明
3,民主党
3,毎日新聞
3,堀江
3,平沢
3,平成
3,富士通
3,八島
3,博之
3,博嗣
3,日本経済新聞
3,湯川
3,東野
3,渡辺
3,田町
3,哲哉
3,中
3,大田
3,太平洋
3,相模
3,尖閣諸島
3,尖閣
3,赤松
3,赤坂
3,静岡
3,西川
3,水戸黄門
3,神田
3,上杉
3,尚登
3,勝間
3,重里
3,重
3,衆議院
3,秋元
3,周
3,産経新聞
3,札幌
3,最高裁
3,佐賀
3,高木
3,浩光
3,康
3,広島
3,交通省
3,原口
3,圭吾
3,銀座
3,京都
3,紀伊國屋書店
3,岩田
3,関西
3,沖縄
3,欧州
3,宇多田
3,安田
3,ロンドン
3,ローソン
3,リコー
3,リーマン
3,ヤマト
3,ファンタジー
3,ビューン
3,ビジフォロ
3,ビートルズ
3,バンクーバー
3,ハン
3,ハローワーク
3,バルト
3,パトリオット
3,バード
3,ハード
3,トヨタ
3,テレ朝
3,データ通信
3,ティファニー
3,ツッコミ
3,ツイート
3,タモリ
3,タイムズ
3,ソーシャルメディア
3,ソーシャル
3,セガ
3,シンディ
3,シリコンバレー
3,さんま
3,サンタクロース
3,コロンボ
3,コス
3,ゲイツ
3,クオリティ
3,キリスト
3,ガリ
3,ガラケー
3,カナダ
3,ガチャ
3,オフ
3,エン
3,ウザイ
3,イラ
3,アロー
3,アパラ
3,アドビ
3,アタリ
3,yancha
3,Yahoo
3,wonderfl
3,windows
3,Wikipedia
3,WebSocket
3,Web
3,VMware
3,Ust
3,twitter
3,TwitePad
3,twit
3,TRPG
3,tricken
3,totalRecords
3,togetter
3,TL
3,TL
3,Titanium
3,Timelog
3,theinterviews
3,TED
3,SVG
3,summerwars
3,Speeed
3,sp
3,ServersMan
3,sasakitoshinao
3,Rin
3,PSP
3,Photoshop
3,ＰＣ
3,PC
3,PC
3,or
3,Open
3,ＮＴＴ
3,Node
3,NHK
3,NAS
3,myston
3,mSv
3,MS
3,maxjp
3,lunabless
3,Livlis
3,LINE
3,KITEis
3,kerosos
3,kawai
3,javascript
3,Java
3,Japan
3,ITpro
3,ITmedia
3,it
3,IT
3,HYBRID
3,Hulu
3,HTML
3,html
3,HOME
3,hellkite
3,HD
3,GPS
3,geppeijp
3,GALAXY
3,FullCalendar
3,FREE
3,foursquare
3,Flipboard
3,Firebug
3,DOM
3,DNS
3,canvas
3,bzJP
3,Bootstrap
3,azukiglg
3,Amazon
3,Ajax
3,AIR
3,af
3,Actionscript
3,Access
2,濱野
2,鈴木
2,倫
2,亮
2,龍一
2,利平
2,夜光
2,稔
2,本田
2,北朝鮮
2,北海道
2,豊
2,芳光
2,法子
2,福家
2,富士
2,苗場
2,表参道
2,尾崎
2,飯塚
2,箱根
2,白田
2,日本電信電話
2,内田
2,読売新聞
2,徳島
2,徳丸
2,東大
2,島根
2,都築
2,登
2,田辺
2,田村
2,朝鮮
2,中之条
2,中川
2,池田
2,智弘
2,谷垣
2,達也
2,沢村
2,卓也
2,台東
2,泰
2,尊
2,増田
2,増井
2,早野
2,倉本
2,全米
2,浅見
2,川上
2,川崎
2,赤木
2,赤城
2,石破
2,青森
2,誠一
2,清水
2,正行
2,正
2,成田
2,数子
2,水樹
2,仁
2,進
2,親松
2,森田
2,新潟
2,慎太郎
2,信夫
2,織部
2,松浦
2,彰
2,少年画報社
2,小野
2,潤
2,淳
2,衆院
2,秀
2,就活
2,酒井
2,児嶋
2,市川
2,市橋
2,坂本
2,細木
2,高島屋
2,高崎線
2,高広
2,香川
2,香港
2,荒川
2,浩一
2,幸太郎
2,光彦
2,原宿
2,健一郎
2,軽井沢
2,慶應義塾
2,熊谷
2,駒野
2,金田
2,近
2,京大
2,宮城
2,久保
2,吉里吉里
2,吉田
2,吉池
2,貴明
2,貴文
2,貴
2,紀伊国屋
2,韓
2,環
2,海保
2,海堂
2,霞が関
2,花王
2,河野
2,温
2,岡山
2,岡崎
2,岡
2,王
2,欧米
2,横浜
2,央
2,遠藤
2,園子
2,羽生
2,一樹
2,井上
2,伊集院
2,伊坂
2,安倍
2,安
2,ワールドカップ
2,ロッテリア
2,ロシア
2,ローパー
2,レスポンシブ
2,ヤバイ
2,モトローラ
2,モスクワ
2,モー娘。
2,メンテ
2,メンタリスト
2,メディアワークス
2,ミミ
2,みどり
2,マス
2,マイケル
2,マイ
2,ボストン
2,ボカロ
2,ベルリン
2,ベクシル
2,ブロマガ
2,プロジェクションマッピング
2,ブルマ
2,フォロワー
2,フォロアー
2,ひろ
2,ひろ
2,ビリーバー
2,ビブリア
2,ビックカメラ
2,パナソニック
2,ハイチ
2,パー
2,ハー
2,ノマド
2,ノベルスフィア
2,ノストラダムス
2,ノーベル
2,ネトゲ
2,ニューヨーク
2,ドン
2,ドロシー
2,ドロ
2,トレス
2,ドラッカー
2,ドラえもん
2,とめ
2,トニー
2,ドイ
2,デンマーク
2,デンジャラス
2,テレビ東京
2,てる
2,デスブログ
2,テキサス
2,ツーリングオフ
2,ツイ
2,チリ
2,ダライ
2,タメ
2,タッチ
2,タオ
2,タイガー
2,ダーリン
2,ソーシャル・ネットワーク
2,ソー
2,セツ
2,スライド
2,スペイン
2,スピッツ
2,ステマ
2,ステ
2,スタバ
2,スターウォーズ
2,スウェーデン
2,ション
2,ジョブス
2,シャーロック
2,しまむら
2,ジェネラル・ルージュ
2,シェイクスピア
2,サンマルク
2,サンタ
2,サトウ
2,ザ・コーヴ
2,コレ
2,コム
2,コナミ
2,コツ
2,ゲーミフィケーション
2,ぐんま
2,グランドキャニオン
2,グランズウェル
2,キリン
2,キモ
2,ギブス
2,キシ
2,ギーク
2,カレログ
2,カレー
2,カリフォルニア
2,カツ
2,ガイア
2,オーストラリア
2,エリコ
2,エッシャー
2,エジプト
2,ウラ
2,ウォール街
2,ウェブ
2,ウィジェット
2,イラン
2,イタリア
2,イケ
2,イエデンワ
2,アンド
2,アリ
2,アラン
2,アメブロ
2,アフガニスタン
2,アキバ
2,ZOIDS
2,Zoho
2,zabbix
2,yousukezan
2,You
2,yositosi
2,XSS
2,XP
2,ww
2,wsplus
2,World
2,wonderfl
2,withoutsugar
2,WIRED
2,Wink
2,Windows
2,win
2,Willcom
2,wifisnap
2,Wi
2,ＷＨＯ
2,WHO
2,Wg
2,web
2,Web
2,Web
2,Web
2,Web
2,WEB
2,web
2,web
2,vs
2,VPS
2,viewBox
2,video
2,video
2,via
2,vi
2,ustream
2,USTREAM
2,ust
2,UST
2,USB
2,USA
2,URL
2,ul
2,u
2,txt
2,twnovel
2,twitter
2,Twitter
2,twitter
2,twitter
2,Twitter
2,twitter
2,Twitter
2,twitter
2,twitbackr
2,Twilio
2,Twiiter
2,twi
2,Tumblr
2,tuA
2,tmlib
2,ＴＬ
2,TIURF
2,TitaniumJP
2,Time
2,Three
2,the
2,test
2,Tell
2,TEDｘTokyo
2,TCPMP
2,ＴＢＳ
2,TBS
2,takasaki
2,TA
2,svg
2,SUUMO
2,Surface
2,SPA
2,sougofollow
2,ＳＮＳ
2,snippet
2,Smalltalk
2,shiwaken
2,shimizu
2,shigekzishihara
2,Serve
2,ＳＥＯ
2,SEO
2,seiado
2,SDK
2,sanftekatze
2,saku
2,Safari
2,safari
2,ry
2,RSS
2,ＲＰＧ
2,RPG
2,rK
2,RJPZNtoG
2,ReTweet
2,rBFho
2,qooxdoo
2,QjLag
2,QI
2,Q
2,q
2,q
2,PW
2,PV
2,PTA
2,Processing
2,PR
2,PR
2,POP
2,ponyo
2,Please
2,Photoset
2,pdgN
2,PDF
2,pdf
2,pass
2,paper
2,p
2,Oracle
2,Opera
2,OpenGL
2,Objective
2,ny
2,nude
2,nt
2,NRA
2,node
2,NIFTY
2,ＮＨＫ
2,ＮＨＫ
2,NHK
2,NHK
2,new
2,MS
2,Mozilla
2,morecleanenergy
2,Monaca
2,Mojito
2,mobile
2,Mobile
2,mixi
2,Minecraft
2,Metro
2,Mergely
2,Medium
2,masason
2,marzelf
2,marikomariko
2,MADWORLD
2,madaraya
2,Mac
2,lsBSbD
2,log
2,LiveValidationPHP
2,LinkedIn
2,li
2,lD
2,LANHD
2,kouhaku
2,kokumaijp
2,kobo
2,KeyHoleVIDEO
2,KDDI
2,KC
2,Kagamikimihiko
2,junkplus
2,ＪＲ
2,jdotsystem
2,jcomi
2,JavaScript
2,JAPAN
2,ivoryworks
2,iTunes
2,ISP
2,iq
2,ipadjp
2,in
2,IME
2,ImageData
2,iDish
2,iCloud
2,iBookStore
2,iBook
2,IBM
2,iAd
2,HTML
2,HootSuite
2,home
2,HN
2,HiromitsuTakagi
2,Hello
2,hayashi
2,HayakawaYukio
2,hatoyamayukio
2,gunmaweb
2,Go
2,GM
2,Giveway
2,GIGAZINE
2,GALAPAGOS
2,FRINGE
2,foursquare
2,Foursquare
2,FortiGate
2,font
2,flash
2,FINAL
2,fg
2,FAX
2,faL
2,Facebook
2,Extjs
2,Exif
2,exe
2,Evernote
2,Error
2,ePub
2,Edit
2,ＥＣ
2,dynabook
2,DYE
2,dWdpoW
2,Dr
2,dot
2,dongyingwenren
2,Don
2,Doc
2,Do
2,DNS
2,ＤＭ
2,dis
2,Dev
2,dCGm
2,cVnMjk
2,CSS
2,Creative
2,console
2,CoffeeScript
2,CodePrep
2,CM
2,clockmaker
2,ClickBokin
2,cdvYgS
2,Canvas
2,Call
2,Branch
2,bqWhSk
2,bot
2,Bot
2,Bokeh
2,ＢＬＥＡＣＨ
2,BL
2,biz
2,bee
2,BASIC
2,B
2,avex
2,Avaaz
2,AppMakr
2,apk
2,Apache
2,Anonymous
2,Android
2,Amazon
2,Alice
2,AK
2,aisaikamasa
2,AI
2,ahcTaO
2,addEventListener
1,霰
1,隕石
1,譚
1,聰
1,翔子
1,齋藤
1,櫻井
1,姜
1,鷲崎
1,和代
1,和俊
1,和晃
1,和久
1,和歌山
1,六本木
1,浪花
1,朗
1,労働省
1,露
1,練馬
1,玲
1,良作
1,龍五
1,留
1,流山
1,劉
1,立川談志
1,立川
1,立教大学
1,離
1,理研
1,理恵子
1,李
1,吏
1,乱歩
1,落合
1,羅生門
1,羅針盤
1,羅漢
1,翼
1,陽一
1,揚
1,誉
1,夕陽ケ丘
1,夕張
1,雄山
1,雄介
1,雄一郎
1,裕和
1,裕也
1,裕
1,勇吾
1,勇
1,佑子
1,佑
1,唯
1,諭
1,薮
1,矢島
1,矢沢
1,野村
1,野尻
1,野口
1,野間
1,問屋
1,目黒
1,木谷
1,木村
1,迷機
1,明智
1,未來
1,桝田
1,幕張メッセ
1,麻生
1,摩季
1,本庄
1,本市
1,北米
1,北砂
1,北高崎
1,北京
1,北海道電力
1,北欧
1,邦子
1,峯田
1,峰
1,宝島社
1,穂
1,弁慶
1,片山
1,米光
1,平野
1,平井
1,文春
1,文芸春秋
1,文京
1,文化放送
1,福山通運
1,福山
1,福井大
1,福井
1,伏見
1,武洋
1,武雄
1,武田
1,武井
1,普
1,布袋
1,富士山
1,富士ゼロックス
1,浜田
1,浜松
1,美由紀
1,美味しんぼ
1,美穂
1,美空
1,美瑛
1,尾瀬
1,樋口
1,繁
1,半田
1,八百屋
1,八代
1,八高線
1,八戸
1,白石
1,白水
1,白見
1,博報堂
1,博多
1,博幸
1,波形
1,農水省
1,乃美
1,熱海
1,寧々
1,日蓮
1,日立
1,日本国
1,日本経済新聞社
1,日本橋
1,日本海
1,日本テレビ
1,日刊現代
1,南北戦争
1,南高崎
1,南極
1,内藤
1,内山
1,奈々
1,寅泰
1,栃木
1,特許庁
1,徳力
1,道玄坂
1,藤野
1,藤岡
1,筒井
1,等
1,湯本
1,桃太郎
1,東北電力
1,東芝
1,東原
1,東京大学
1,東急ハンズ
1,東海
1,東横線
1,東アジア
1,土橋
1,都
1,渡邊
1,渡部
1,田渕
1,田中
1,田口
1,田家
1,天満
1,天本
1,徹子
1,徹
1,哲生
1,諦
1,禎一
1,帝人
1,堤
1,辻村
1,津山
1,直明
1,直之
1,直人
1,直樹
1,長平
1,長島
1,朝日新聞社
1,朝日ニュースター
1,張
1,中野
1,中部電力
1,中尾
1,中日
1,中田
1,中村
1,中国共産党
1,中園
1,中井
1,竹内
1,竹山
1,智也
1,智史
1,智
1,谷川
1,谷
1,達郎
1,瀧
1,大澤
1,大和証券
1,大日本印刷
1,大島
1,大塚
1,大沢
1,大石
1,大根
1,大黒
1,大古
1,大宮
1,大学入試センター
1,大岡
1,泰造
1,堕
1,太平洋戦争
1,太宰
1,太一
1,多摩川
1,村田
1,蒼
1,聡
1,総合テレビ
1,総一郎
1,相模原
1,早川
1,早稲田
1,倉賀野
1,素子
1,善
1,船山
1,浅草
1,川北
1,川端
1,千鶴子
1,千代田
1,仙
1,節
1,折田
1,赤城山
1,赤十字
1,石田
1,石狩
1,石巻
1,静香
1,静
1,青龍
1,青木
1,青山
1,誠
1,西條
1,西野
1,西本
1,西日本
1,西原
1,聖
1,盛
1,正文
1,正男
1,星野
1,星崎
1,星合
1,成
1,是枝
1,澄
1,菅原
1,菅
1,杉並
1,杉田
1,水木
1,水道局
1,水嶋
1,吹田
1,神林
1,神保
1,真里
1,真夜
1,真奈美
1,真樹
1,真紀
1,真賀
1,真
1,深町
1,森山
1,森一
1,新日本法規出版
1,新田
1,新潮社
1,新潮
1,新大久保
1,新生
1,新井
1,信長
1,信行
1,伸
1,穣
1,常
1,上祐
1,上院
1,上
1,章吾
1,章
1,省治
1,湘南
1,沼津
1,松尾
1,松山
1,昭和
1,彰宏
1,尚中
1,小林
1,小堤
1,小倉
1,小西
1,小山
1,小五郎
1,小月
1,小熊
1,小学館
1,奨
1,勝川
1,順
1,潤一
1,淳也
1,瞬
1,春山
1,淑
1,秋生
1,洲
1,周平
1,周作
1,樹林
1,樹
1,若林
1,社会
1,芝
1,時事通信
1,児玉
1,資源エネルギー庁
1,獅子
1,氏家
1,四ノ宮
1,史朗
1,史浩
1,司
1,山頭火
1,山荘
1,山口
1,山形
1,山下
1,参議院
1,参院
1,三木
1,三菱重工
1,三菱
1,三日月
1,三森
1,三省堂
1,三重
1,三橋
1,三井不動産販売
1,鯖江
1,桜塚
1,崎田
1,阪神
1,坂村
1,細田
1,犀川
1,今来
1,今川
1,国領
1,国会図書館
1,豪
1,高谷
1,高須
1,高松
1,高崎経済大
1,高橋
1,高円寺
1,紘一
1,溝口
1,浩史
1,江別
1,江田
1,江川
1,江口
1,江戸
1,江の島
1,江ノ島
1,弘
1,康正
1,康成
1,幸子
1,幸一
1,宏之
1,孝明
1,向田
1,厚
1,光圀
1,光通信
1,光
1,御徒町
1,御徒
1,御茶ノ水
1,五井
1,古田
1,古市
1,古屋
1,玄白
1,幻冬舎
1,厳
1,原田
1,謙介
1,憲
1,建長寺
1,健児
1,結城
1,警察庁
1,敬
1,慧
1,慶応
1,恵子
1,恵
1,郡山
1,群馬大学
1,群馬銀行
1,薫
1,勲
1,駒形
1,九郎
1,近藤
1,錦
1,勤労感謝の日
1,玉村
1,暁
1,恭子
1,匡
1,共和党
1,京浜東北
1,京都大
1,京
1,巨人
1,泣
1,宮澤
1,宮本
1,宮部
1,及川
1,久保内
1,久美子
1,橘
1,吉野家
1,吉井
1,菊池
1,菊地
1,義元
1,技術評論社
1,亀井
1,希
1,岩上
1,岩永
1,岸
1,丸善
1,丸
1,関東大震災
1,甘楽
1,環境省
1,寛
1,刈谷
1,鎌倉
1,笠原
1,笠懸
1,角谷
1,柿沢
1,外務省
1,外村
1,海老蔵
1,海野
1,海上保安庁
1,海原
1,廻
1,雅博
1,雅一
1,霞ヶ関
1,霞ヶ浦
1,華
1,河合楽器
1,夏野
1,夏目
1,嘉美
1,佳奈
1,仮面ライダー
1,桶川
1,荻窪
1,岡本
1,岡田
1,横浜市大
1,円谷
1,榎木
1,英二
1,英世
1,栄
1,羽田空港
1,宇野
1,右京
1,稲城
1,稲垣
1,逸郎
1,一博
1,一生
1,一成
1,一浩
1,一弘
1,一休
1,磯野
1,井口
1,違
1,衣
1,伊達
1,伊香保
1,安里
1,安藤
1,安中
1,愛
1,阿左美
1,阿佐ヶ谷
1,阿久根
1,亜紀
1,亜希
1,亜
1,ワロタ
1,ワルシャワ
1,ワイアード
1,ワーホリ
1,ワーカーホリック
1,ロフト
1,ロッテ
1,ロストウィンズ
1,ロスジェネ
1,ロス
1,ロールオーバー
1,レンタライフ
1,レインズ
1,レイ
1,ルブラン
1,ルサチンマンポルノ
1,ルーツ
1,ルーター
1,ルイジアナ
1,リンダ
1,リンクス
1,リン
1,リリアン
1,リモートデスクトップ
1,リモートインスペクション
1,リファラ
1,リビア
1,リバプール
1,リバティーンズ
1,リナ
1,リグレト
1,リクナビ
1,リー・ホスキンス
1,リ
1,ランディ
1,ラマ
1,ラピュタ
1,ラナタウン
1,ライブストリーミング
1,ライオンズ
1,ライアン
1,ヨリ
1,ヨーロッパ
1,ヨウ
1,ゆかり
1,ゆか
1,ユーストリーム
1,ユージュアル・サスペクツ
1,ヤリ
1,やまもと
1,ヤマハ
1,ヤマト運輸
1,ヤマザキ
1,ヤス
1,ヤァーッ
1,モンゴル
1,モンク
1,モバマス
1,モバツイ
1,モチベーション
1,モギマサ
1,モー
1,メンドウ
1,メンタリズム
1,メトロミニッツ
1,メーラー
1,ムンバイ
1,ムキー
1,ムービング
1,ミラー
1,みゆき
1,ミュート
1,ミホ
1,みのり
1,みの
1,ミニストップ
1,みつ子
1,ミッターマイヤー
1,ミソ
1,みずほ
1,ミスチル
1,ミサワ
1,マンハッタン
1,マルゲリータ
1,マリシャスクレーム
1,マリア
1,マミ
1,マネタイズ
1,まどか
1,マツモトキヨシ
1,マツダ
1,マツコ
1,マックス・ウェーバー
1,マジレス
1,マクドナルド
1,マギカ
1,マイミク
1,マイノリティ
1,マイアミ
1,マーフィー
1,マーク・ザッカーバーグ
1,ホンダ
1,ボン
1,ポルシェ
1,ポッド
1,ポチッ
1,ポケモン
1,ポカリスエット
1,ホカホン
1,ポール
1,ポータルサイト
1,ボーイズ・オン・ザ・ラン
1,ベンガル
1,ペルソナ
1,ベビカム
1,ベネズエラ
1,ベトナム
1,ベスト電器
1,ページビュー
1,ペ・ドゥナ
1,ブンコビューア
1,プロパティ
1,フレンドリー
1,フレッツ
1,ブレックファスト・クラブ
1,ブレイク
1,フリンジ
1,フリーランス
1,ブリーチ
1,フリーク
1,ブランドアプリ
1,ブラッドタイプハラスメント
1,ブラッド
1,ブラッディ・マンデイ
1,ブラザー
1,プラグイン
1,ブラウザバック
1,フジモト
1,フクシマ
1,フォロミー
1,フォックス
1,フオシンウェン
1,フォード
1,フォーエバー
1,フォー・アメリカ
1,フィンランド
1,フィリピン
1,フィッシング
1,フィッシュストーリー
1,フィーチャーディテクションプログラミング
1,ファンタジックキューブ
1,ファミリーマート
1,ファイティング・シェフ
1,ファーストフード・ネイション
1,ヒロ
1,ビルド
1,ビューア
1,ヒャッハー
1,ビデオリサーチ
1,ビッ
1,ビジュアライジング・データ
1,ひさ
1,ヒカル
1,ひかり
1,ピーチク
1,ビアンカ
1,パンドラ
1,バングラデシュ
1,ハルヒ
1,バルス
1,バリー
1,パリ
1,ハマッ
1,ハマコー
1,パブリッシング
1,ハピネット
1,パトリック
1,パディングオラクル
1,バッハ
1,ハツエ
1,バチスタ
1,ハコウリスタジオ
1,パクス
1,ハイパーテキストクリエイター
1,バーミヤン
1,ハーバード大
1,パーティクル
1,バーガー
1,バー
1,ノシ
1,ネブラスカ
1,ネバダ
1,ネバーランド
1,ネタバレ
1,ネガティブアクセス
1,ネガキャン
1,ネイチャー
1,ニューヨーク・タイムズ
1,ニューズウィーク
1,ニュージーランド
1,ニセコ
1,ニコラジ
1,ニコゲー
1,ニケーション
1,ニート
1,ナポリ
1,ナビ
1,なつ
1,ナタリー
1,ナイマ
1,ナイチンゲール
1,ナイスツイート
1,トレンディドラマ
1,ドランゴン・ドグマ
1,ドラキュラ
1,トライガン
1,ドブス
1,ドバイ
1,トク
1,トキワ
1,てる子
1,デル
1,デュアルタッチ
1,デスノート
1,デジタルサイネージ
1,デジスタ・ティーンズ
1,データビジュアライゼーション
1,デイリーポータル
1,テイラー・スウィフト
1,ディズニー
1,テアトル新宿
1,ツブエキ
1,ツイッターノミクス
1,ツイキャス・ビュワー
1,チン
1,チョコレート・クリスプ
1,チュンソフト
1,チャリティーフリーマーケット
1,チャイナ
1,ちや
1,ちの
1,チカ
1,チェルノブイリ
1,ダン
1,タワー
1,ダメダメ
1,ダビンチコード
1,ダニエル
1,タツノ
1,タダイマァ
1,タケシ
1,ダグラス
1,ダイヤルアップルーター
1,タイムバー
1,タイムアウト
1,ダイダロス
1,ダール
1,ターミネーター
1,ダーザブリッジ
1,ダーウィン
1,ダ・ヴィンチ
1,ソニエリ
1,ソーシャルネットワーキングサービス
1,ソーシャルデバイト
1,ソーシャルゲーム
1,ソウル
1,センチュリー
1,セレブブランディング
1,セルフブランディング
1,セルゲイ
1,ゼビウス
1,セパスチャンネル
1,ゼノブレイド
1,ゼネラリスト
1,セキ
1,せいこう
1,スレーター
1,スレ
1,ズル
1,スミマセン
1,すみ
1,スマイリーキクチ
1,スポニチアネックス
1,スプライト
1,スパム
1,ストロベリーチップス
1,ストリーミング
1,ストリートビュー
1,ストラップフォン
1,ステルスマーケティング
1,スティール
1,スティーリング・ザ・ネットワーク
1,スティーヴン
1,スタッフブログ
1,スズラン
1,ススメ
1,スゴイ
1,スゴ
1,すぐる
1,スクリプティング
1,スクリブティング
1,スクウェア
1,スーザン
1,ジョン
1,ジョニー
1,ショットガンウェディング
1,シュミット
1,シュウ
1,ジャン
1,ジャッキー
1,ジャストシステム
1,ジャクソン
1,しめ
1,シムシティ
1,シナリオイラネ
1,シット
1,しげる
1,ジェネラティブ・アート
1,シーザー
1,シークレットウィンドウ
1,シアトリズム
1,ジアース
1,サンワサプライ
1,サンパウ
1,サンド
1,サンディエゴ
1,サンディ
1,サロゲート
1,サム
1,サマーズ
1,ザマ
1,サポタ
1,サプリメント
1,サティ
1,サステナビリティ
